<?xml version="1.0" encoding="UTF-8"?>
<suppressions xmlns="https://jeremylong.github.io/DependencyCheck/dependency-suppression.1.3.xsd">

<suppress>
   <notes><![CDATA[
   file name: spring-webmvc-5.2.3.RELEASE.jar
   ]]></notes>
   <packageUrl regex="true">^pkg:maven/org\.springframework/spring-webmvc@.*$</packageUrl>
   <cpe>cpe:/a:web_project:web</cpe>
</suppress>

<suppress>
   <notes><![CDATA[
   file name: log4j-api-2.12.1.jar
   ]]></notes>
   <packageUrl regex="true">^pkg:maven/org\.apache\.logging\.log4j/log4j-api@.*$</packageUrl>
   <cpe>cpe:/a:apache:log4j</cpe>
</suppress>

<suppress>
   <notes><![CDATA[
   file name: jakarta.annotation-api-1.3.5.jar
   ]]></notes>
   <packageUrl regex="true">^pkg:maven/jakarta\.annotation/jakarta\.annotation-api@.*$</packageUrl>
   <cpe>cpe:/a:oracle:projects</cpe>
</suppress>

<suppress>
   <notes><![CDATA[
   file name: junit-jupiter-engine-5.5.2.jar
   ]]></notes>
   <packageUrl regex="true">^pkg:maven/org\.junit\.jupiter/junit-jupiter-engine@.*$</packageUrl>
   <cpe>cpe:/a:mail:mail.com</cpe>
</suppress>

<suppress>
   <notes><![CDATA[
   file name: junit-platform-engine-1.5.2.jar
   ]]></notes>
   <packageUrl regex="true">^pkg:maven/org\.junit\.platform/junit-platform-engine@.*$</packageUrl>
   <cpe>cpe:/a:fan_platform_project:fan_platform</cpe>
</suppress>

</suppressions>
